protein,gene,variant_id,residue_position,helix,clinical_significance,review_status,alphamissense_score,polyphen2_score,sift_score
GLUT1,SLC2A1,RCV100000,320,7,Pathogenic / Likely Pathogenic,"criteria provided, single submitter",0.6806,0.7685,0.05
GLUT1,SLC2A1,RCV100001,302,11,Pathogenic / Likely Pathogenic,"criteria provided, single submitter",0.7856,0.8706,0.05
GLUT1,SLC2A1,RCV100002,378,7,Pathogenic / Likely Pathogenic,"criteria provided, single submitter",0.8229,0.8744,0.05
GLUT1,SLC2A1,RCV100003,240,11,Pathogenic / Likely Pathogenic,"criteria provided, single submitter",0.6573,0.5088,0.05
GLUT1,SLC2A1,RCV100004,90,7,Pathogenic / Likely Pathogenic,"criteria provided, single submitter",0.8364,0.7396,0.05
GLUT1,SLC2A1,RCV100005,184,5,Pathogenic / Likely Pathogenic,"criteria provided, single submitter",0.6628,0.6945,0.05
GLUT1,SLC2A1,RCV100006,91,2,Pathogenic / Likely Pathogenic,"criteria provided, single submitter",0.8432,0.8408,0.05
GLUT1,SLC2A1,RCV100007,183,11,Pathogenic / Likely Pathogenic,"criteria provided, single submitter",0.8956,0.6809,0.05
GLUT1,SLC2A1,RCV100008,214,11,Pathogenic / Likely Pathogenic,"criteria provided, single submitter",0.8737,0.9379,0.05
GLUT1,SLC2A1,RCV100009,236,1,Pathogenic / Likely Pathogenic,"criteria provided, single submitter",0.8427,0.824,0.05
GLUT1,SLC2A1,RCV100010,329,11,Pathogenic / Likely Pathogenic,"criteria provided, single submitter",0.753,0.7663,0.05
GLUT1,SLC2A1,RCV100011,401,9,Pathogenic / Likely Pathogenic,"criteria provided, single submitter",0.7993,0.6568,0.05
GLUT1,SLC2A1,RCV100012,109,9,Pathogenic / Likely Pathogenic,"criteria provided, single submitter",0.749,0.6623,0.05
GLUT1,SLC2A1,RCV100013,398,3,Pathogenic / Likely Pathogenic,"criteria provided, single submitter",0.9024,0.6401,0.0352
GLUT1,SLC2A1,RCV100014,287,11,Pathogenic / Likely Pathogenic,"criteria provided, single submitter",0.831,0.711,0.05
GLUT1,SLC2A1,RCV100015,221,1,Pathogenic / Likely Pathogenic,"criteria provided, single submitter",0.7184,0.7944,0.05
GLUT1,SLC2A1,RCV100016,272,1,Pathogenic / Likely Pathogenic,"criteria provided, single submitter",0.55,0.8544,0.0112
GLUT1,SLC2A1,RCV100017,440,5,Pathogenic / Likely Pathogenic,"criteria provided, single submitter",0.8807,0.7494,0.05
GLUT1,SLC2A1,RCV100018,199,7,Pathogenic / Likely Pathogenic,"criteria provided, single submitter",0.7877,0.7297,0.05
GLUT1,SLC2A1,RCV100019,360,4,Pathogenic / Likely Pathogenic,"criteria provided, single submitter",0.8687,0.7768,0.05
GLUT1,SLC2A1,RCV100020,97,11,Pathogenic / Likely Pathogenic,"criteria provided, single submitter",0.5624,0.6165,0.05
GLUT1,SLC2A1,RCV100021,59,2,Pathogenic / Likely Pathogenic,"criteria provided, single submitter",0.7294,0.7751,0.05
GLUT1,SLC2A1,RCV100022,228,7,Pathogenic / Likely Pathogenic,"criteria provided, single submitter",0.7133,0.819,0.05
GLUT1,SLC2A1,RCV100023,139,2,Pathogenic / Likely Pathogenic,"criteria provided, single submitter",0.8532,0.81,0.05
GLUT1,SLC2A1,RCV100024,85,4,Pathogenic / Likely Pathogenic,"criteria provided, single submitter",0.9207,0.5919,0.05
GLUT1,SLC2A1,RCV100025,282,5,Pathogenic / Likely Pathogenic,"criteria provided, single submitter",0.667,0.99,0.05
GLUT1,SLC2A1,RCV100026,230,7,Pathogenic / Likely Pathogenic,"criteria provided, single submitter",0.7806,0.6225,0.05
GLUT1,SLC2A1,RCV100027,442,2,Pathogenic / Likely Pathogenic,"criteria provided, single submitter",0.7525,0.8681,0.0463
GLUT1,SLC2A1,RCV100028,251,4,Pathogenic / Likely Pathogenic,"criteria provided, single submitter",0.8051,0.7497,0.0344
GLUT1,SLC2A1,RCV100029,222,9,Pathogenic / Likely Pathogenic,"criteria provided, single submitter",0.7052,0.7799,0.05
GLUT1,SLC2A1,RCV100030,61,3,Pathogenic / Likely Pathogenic,"criteria provided, single submitter",0.7989,0.45,0.0404
GLUT1,SLC2A1,RCV100031,261,7,Pathogenic / Likely Pathogenic,"criteria provided, single submitter",0.6076,0.6603,0.0328
GLUT1,SLC2A1,RCV100032,316,1,Pathogenic / Likely Pathogenic,"criteria provided, single submitter",0.55,0.5837,0.05
GLUT1,SLC2A1,RCV100033,134,3,Pathogenic / Likely Pathogenic,"criteria provided, single submitter",0.7731,0.9063,0.05
GLUT1,SLC2A1,RCV100034,103,5,Pathogenic / Likely Pathogenic,"criteria provided, single submitter",0.6855,0.6496,0.05
GLUT1,SLC2A1,RCV100035,357,4,Pathogenic / Likely Pathogenic,"criteria provided, single submitter",0.55,0.8366,0.05
GLUT1,SLC2A1,RCV100036,254,2,Pathogenic / Likely Pathogenic,"criteria provided, single submitter",0.9512,0.9415,0.05
GLUT1,SLC2A1,RCV100037,110,2,Pathogenic / Likely Pathogenic,"criteria provided, single submitter",0.8824,0.868,0.05
GLUT1,SLC2A1,RCV100038,156,11,Pathogenic / Likely Pathogenic,"criteria provided, single submitter",0.9123,0.8678,0.05
GLUT1,SLC2A1,RCV100039,160,4,Pathogenic / Likely Pathogenic,"criteria provided, single submitter",0.7731,0.8856,0.05
GLUT1,SLC2A1,RCV100040,194,1,Pathogenic / Likely Pathogenic,"criteria provided, single submitter",0.9772,0.9199,0.05
GLUT1,SLC2A1,RCV100041,364,6,Pathogenic / Likely Pathogenic,"criteria provided, single submitter",0.8083,0.8021,0.05
GLUT1,SLC2A1,RCV100042,85,7,Pathogenic / Likely Pathogenic,"criteria provided, single submitter",0.8443,0.8582,0.0065
GLUT1,SLC2A1,RCV100043,324,9,Pathogenic / Likely Pathogenic,"criteria provided, single submitter",0.9211,0.7206,0.05
GLUT1,SLC2A1,RCV100044,221,2,Pathogenic / Likely Pathogenic,"criteria provided, single submitter",0.9342,0.9147,0.05
GLUT1,SLC2A1,RCV100045,125,6,Pathogenic / Likely Pathogenic,"criteria provided, single submitter",0.8708,0.735,0.05
GLUT1,SLC2A1,RCV100046,286,3,Pathogenic / Likely Pathogenic,"criteria provided, single submitter",0.8188,0.6718,0.0083
GLUT1,SLC2A1,RCV100047,88,4,Pathogenic / Likely Pathogenic,"criteria provided, single submitter",0.55,0.5287,0.05
GLUT1,SLC2A1,RCV100048,371,11,Pathogenic / Likely Pathogenic,"criteria provided, single submitter",0.8094,0.8544,0.05
GLUT1,SLC2A1,RCV100049,331,5,Pathogenic / Likely Pathogenic,"criteria provided, single submitter",0.9165,0.45,0.05
GLUT1,SLC2A1,RCV100050,220,5,Pathogenic / Likely Pathogenic,"criteria provided, single submitter",0.7408,0.6217,0.05
GLUT1,SLC2A1,RCV100051,150,11,Pathogenic / Likely Pathogenic,"criteria provided, single submitter",0.6899,0.7969,0.05
GLUT1,SLC2A1,RCV100052,467,2,Pathogenic / Likely Pathogenic,"criteria provided, single submitter",0.7381,0.9294,0.05
GLUT1,SLC2A1,RCV100053,386,1,Pathogenic / Likely Pathogenic,"criteria provided, single submitter",0.7946,0.6791,0.05
GLUT1,SLC2A1,RCV100054,67,4,Pathogenic / Likely Pathogenic,"criteria provided, single submitter",0.9414,0.99,0.05
GLUT1,SLC2A1,RCV100055,429,6,Pathogenic / Likely Pathogenic,"criteria provided, single submitter",0.988,0.8681,0.05
GLUT1,SLC2A1,RCV100056,449,12,Pathogenic / Likely Pathogenic,"criteria provided, single submitter",0.9513,0.45,0.0465
GLUT1,SLC2A1,RCV100057,342,7,Pathogenic / Likely Pathogenic,"criteria provided, single submitter",0.988,0.8175,0.05
GLUT1,SLC2A1,RCV100058,203,9,Pathogenic / Likely Pathogenic,"criteria provided, single submitter",0.7198,0.5155,0.05
GLUT1,SLC2A1,RCV100059,268,12,Pathogenic / Likely Pathogenic,"criteria provided, single submitter",0.7388,0.6362,0.05
GLUT1,SLC2A1,RCV100060,213,4,Pathogenic / Likely Pathogenic,"criteria provided, single submitter",0.6057,0.766,0.05
GLUT1,SLC2A1,RCV100061,122,2,Pathogenic / Likely Pathogenic,"criteria provided, single submitter",0.8655,0.676,0.0314
GLUT1,SLC2A1,RCV100062,354,4,Pathogenic / Likely Pathogenic,"criteria provided, single submitter",0.7663,0.7372,0.05
GLUT1,SLC2A1,RCV100063,75,10,Pathogenic / Likely Pathogenic,"criteria provided, single submitter",0.8463,0.8085,0.05
GLUT1,SLC2A1,RCV100064,63,3,Pathogenic / Likely Pathogenic,"criteria provided, single submitter",0.6468,0.482,0.05
GLUT1,SLC2A1,RCV100065,475,7,Pathogenic / Likely Pathogenic,"criteria provided, single submitter",0.6813,0.8148,0.05
GLUT1,SLC2A1,RCV100066,458,11,Pathogenic / Likely Pathogenic,"criteria provided, single submitter",0.9811,0.6249,0.0158
GLUT1,SLC2A1,RCV100067,393,1,Pathogenic / Likely Pathogenic,"criteria provided, single submitter",0.6721,0.6558,0.05
GLUT1,SLC2A1,RCV100068,415,4,Pathogenic / Likely Pathogenic,"criteria provided, single submitter",0.8493,0.5377,0.05
GLUT1,SLC2A1,RCV100069,318,12,Pathogenic / Likely Pathogenic,"criteria provided, single submitter",0.9564,0.7599,0.05
GLUT1,SLC2A1,RCV100070,87,5,Pathogenic / Likely Pathogenic,"criteria provided, single submitter",0.9355,0.9008,0.05
GLUT1,SLC2A1,RCV100071,338,10,Benign / Likely Benign,"criteria provided, single submitter",0.291,0.3508,0.6595
GLUT1,SLC2A1,RCV100072,298,2,Benign / Likely Benign,"criteria provided, single submitter",0.2981,0.2661,0.7475
GLUT1,SLC2A1,RCV100073,393,9,Benign / Likely Benign,"criteria provided, single submitter",0.2323,0.2135,0.9048
GLUT2,SLC2A2,RCV100074,61,3,Pathogenic / Likely Pathogenic,"criteria provided, single submitter",0.9731,0.775,0.05
GLUT2,SLC2A2,RCV100075,479,2,Pathogenic / Likely Pathogenic,"criteria provided, single submitter",0.649,0.7764,0.05
GLUT2,SLC2A2,RCV100076,212,2,Pathogenic / Likely Pathogenic,"criteria provided, single submitter",0.9231,0.8041,0.05
GLUT2,SLC2A2,RCV100077,427,5,Pathogenic / Likely Pathogenic,"criteria provided, single submitter",0.8851,0.8942,0.05
GLUT2,SLC2A2,RCV100078,113,4,Pathogenic / Likely Pathogenic,"criteria provided, single submitter",0.8378,0.45,0.05
GLUT2,SLC2A2,RCV100079,135,12,Pathogenic / Likely Pathogenic,"criteria provided, single submitter",0.6702,0.5576,0.05
GLUT2,SLC2A2,RCV100080,192,2,Pathogenic / Likely Pathogenic,"criteria provided, single submitter",0.55,0.8056,0.05
GLUT2,SLC2A2,RCV100081,133,4,Benign / Likely Benign,"criteria provided, single submitter",0.1957,0.362,0.7531
GLUT2,SLC2A2,RCV100082,405,12,Benign / Likely Benign,"criteria provided, single submitter",0.48,0.3703,0.8583
GLUT2,SLC2A2,RCV100083,354,9,Benign / Likely Benign,"criteria provided, single submitter",0.1072,0.55,0.95
GLUT2,SLC2A2,RCV100084,180,5,Benign / Likely Benign,"criteria provided, single submitter",0.0865,0.3525,0.8014
GLUT2,SLC2A2,RCV100085,280,6,Benign / Likely Benign,"criteria provided, single submitter",0.3099,0.1894,0.9334
GLUT2,SLC2A2,RCV100086,142,6,Benign / Likely Benign,"criteria provided, single submitter",0.182,0.538,0.7287
GLUT2,SLC2A2,RCV100087,361,5,Benign / Likely Benign,"criteria provided, single submitter",0.3909,0.3243,0.7704
GLUT2,SLC2A2,RCV100088,228,3,Benign / Likely Benign,"criteria provided, single submitter",0.0853,0.55,0.95
GLUT2,SLC2A2,RCV100089,313,1,Benign / Likely Benign,"criteria provided, single submitter",0.2277,0.1185,0.7322
GLUT5,SLC2A5,RCV100090,139,1,Benign / Likely Benign,"criteria provided, single submitter",0.1964,0.152,0.6353
GLUT5,SLC2A5,RCV100091,380,10,Benign / Likely Benign,"criteria provided, single submitter",0.1355,0.0761,0.7951
GLUT6,SLC2A6,RCV100092,404,8,Benign / Likely Benign,"criteria provided, single submitter",0.3848,0.55,0.5989
GLUT6,SLC2A6,RCV100093,456,10,Benign / Likely Benign,"criteria provided, single submitter",0.2325,0.4849,0.5188
GLUT7,SLC2A7,RCV100094,469,6,Benign / Likely Benign,"criteria provided, single submitter",0.2145,0.3163,0.9085
GLUT7,SLC2A7,RCV100095,411,10,Benign / Likely Benign,"criteria provided, single submitter",0.0865,0.3794,0.9281
GLUT8,SLC2A8,RCV100096,109,5,Benign / Likely Benign,"criteria provided, single submitter",0.2095,0.4165,0.9161
GLUT8,SLC2A8,RCV100097,187,8,Benign / Likely Benign,"criteria provided, single submitter",0.2579,0.1849,0.7328
GLUT9,SLC2A9,RCV100098,85,7,Pathogenic / Likely Pathogenic,"criteria provided, single submitter",0.9118,0.8023,0.05
GLUT9,SLC2A9,RCV100099,107,7,Pathogenic / Likely Pathogenic,"criteria provided, single submitter",0.7446,0.8496,0.05
GLUT9,SLC2A9,RCV100100,104,3,Benign / Likely Benign,"criteria provided, single submitter",0.1971,0.1554,0.6746
GLUT9,SLC2A9,RCV100101,455,12,Benign / Likely Benign,"criteria provided, single submitter",0.3488,0.4408,0.7218
GLUT9,SLC2A9,RCV100102,245,6,Benign / Likely Benign,"criteria provided, single submitter",0.2589,0.2048,0.3244
GLUT9,SLC2A9,RCV100103,385,4,Benign / Likely Benign,"criteria provided, single submitter",0.3949,0.3442,0.6895
GLUT9,SLC2A9,RCV100104,430,11,Benign / Likely Benign,"criteria provided, single submitter",0.0657,0.335,0.7087
GLUT9,SLC2A9,RCV100105,209,12,Benign / Likely Benign,"criteria provided, single submitter",0.1395,0.4653,0.8477
GLUT9,SLC2A9,RCV100106,205,3,Benign / Likely Benign,"criteria provided, single submitter",0.1438,0.2983,0.95
GLUT9,SLC2A9,RCV100107,240,9,Benign / Likely Benign,"criteria provided, single submitter",0.0689,0.2855,0.95
GLUT9,SLC2A9,RCV100108,425,2,Benign / Likely Benign,"criteria provided, single submitter",0.0522,0.2304,0.8746
GLUT9,SLC2A9,RCV100109,161,9,Benign / Likely Benign,"criteria provided, single submitter",0.1069,0.4976,0.5991
GLUT9,SLC2A9,RCV100110,291,6,Benign / Likely Benign,"criteria provided, single submitter",0.48,0.3144,0.8944
GLUT9,SLC2A9,RCV100111,136,3,Benign / Likely Benign,"criteria provided, single submitter",0.1475,0.166,0.6368
GLUT9,SLC2A9,RCV100112,87,2,Benign / Likely Benign,"criteria provided, single submitter",0.2659,0.2283,0.8555
GLUT9,SLC2A9,RCV100113,423,6,Benign / Likely Benign,"criteria provided, single submitter",0.3117,0.4011,0.4328
GLUT9,SLC2A9,RCV100114,337,5,Benign / Likely Benign,"criteria provided, single submitter",0.1618,0.4164,0.605
GLUT9,SLC2A9,RCV100115,273,9,Benign / Likely Benign,"criteria provided, single submitter",0.3319,0.3978,0.8599
GLUT9,SLC2A9,RCV100116,240,8,Benign / Likely Benign,"criteria provided, single submitter",0.2867,0.4329,0.6914
GLUT9,SLC2A9,RCV100117,59,1,Benign / Likely Benign,"criteria provided, single submitter",0.2559,0.55,0.7803
GLUT9,SLC2A9,RCV100118,124,5,Benign / Likely Benign,"criteria provided, single submitter",0.2479,0.3232,0.8167
GLUT9,SLC2A9,RCV100119,87,6,Benign / Likely Benign,"criteria provided, single submitter",0.1759,0.2038,0.9274
GLUT9,SLC2A9,RCV100120,208,8,Benign / Likely Benign,"criteria provided, single submitter",0.0816,0.1961,0.6162
GLUT9,SLC2A9,RCV100121,362,4,Benign / Likely Benign,"criteria provided, single submitter",0.1887,0.2113,0.95
GLUT9,SLC2A9,RCV100122,308,6,Benign / Likely Benign,"criteria provided, single submitter",0.1081,0.4384,0.5964
GLUT10,SLC2A10,RCV100123,468,2,Pathogenic / Likely Pathogenic,"criteria provided, single submitter",0.9205,0.6252,0.05
GLUT10,SLC2A10,RCV100124,385,6,Pathogenic / Likely Pathogenic,"criteria provided, single submitter",0.9605,0.7871,0.0073
GLUT10,SLC2A10,RCV100125,209,2,Pathogenic / Likely Pathogenic,"criteria provided, single submitter",0.8245,0.8209,0.0342
GLUT10,SLC2A10,RCV100126,474,9,Pathogenic / Likely Pathogenic,"criteria provided, single submitter",0.793,0.9753,0.0248
GLUT10,SLC2A10,RCV100127,161,11,Pathogenic / Likely Pathogenic,"criteria provided, single submitter",0.827,0.541,0.05
GLUT10,SLC2A10,RCV100128,69,7,Pathogenic / Likely Pathogenic,"criteria provided, single submitter",0.8634,0.8688,0.05
GLUT10,SLC2A10,RCV100129,436,11,Pathogenic / Likely Pathogenic,"criteria provided, single submitter",0.7193,0.7643,0.0115
GLUT10,SLC2A10,RCV100130,96,1,Pathogenic / Likely Pathogenic,"criteria provided, single submitter",0.55,0.45,0.05
GLUT10,SLC2A10,RCV100131,150,4,Pathogenic / Likely Pathogenic,"criteria provided, single submitter",0.9593,0.5746,0.0382
GLUT10,SLC2A10,RCV100132,374,8,Benign / Likely Benign,"criteria provided, single submitter",0.1901,0.3363,0.6393
GLUT10,SLC2A10,RCV100133,413,9,Benign / Likely Benign,"criteria provided, single submitter",0.1136,0.0829,0.5213
GLUT10,SLC2A10,RCV100134,328,8,Benign / Likely Benign,"criteria provided, single submitter",0.0347,0.2705,0.9449
GLUT10,SLC2A10,RCV100135,50,5,Benign / Likely Benign,"criteria provided, single submitter",0.1095,0.0604,0.95
GLUT10,SLC2A10,RCV100136,301,4,Benign / Likely Benign,"criteria provided, single submitter",0.0563,0.1462,0.666
GLUT10,SLC2A10,RCV100137,418,9,Benign / Likely Benign,"criteria provided, single submitter",0.1516,0.2766,0.8957
GLUT10,SLC2A10,RCV100138,366,12,Benign / Likely Benign,"criteria provided, single submitter",0.1987,0.4494,0.6531
GLUT10,SLC2A10,RCV100139,159,7,Benign / Likely Benign,"criteria provided, single submitter",0.1483,0.1069,0.5781
