Protein,Protein change,Germline classification,Position,Class_num,AlphaMissense,PolyPhen-2,SIFT
GLUT10,I537V, Benign,537,0.0,0.11,0.037,0.1584210526315789
GLUT10,T518A, Benign,518,0.0,0.08,0.135,0.2010526315789473
GLUT10,K514R, Benign,514,0.0,0.17,0.255,0.1731578947368421
GLUT10,A385G, Benign,385,0.0,0.11,0.319,0.3352631578947369
GLUT10,S520N, Benign/Likely benign,520,0.0,0.1,0.246,0.4131578947368421
GLUT10,R225H, Benign/Likely benign,225,0.0,0.19,0.788,0.0684210526315789
GLUT10,A206T, Benign/Likely benign,206,0.0,0.1,0.367,0.2652631578947368
GLUT10,A106S, Benign/Likely benign,106,0.0,0.27,0.284,0.1247368421052631
GLUT10,C304W, Pathogenic,304,1.0,0.61,0.804,0.1826315789473684
GLUT10,M1L, Pathogenic,1,1.0,0.16,0.26,0.0
GLUT10,R231Q, Pathogenic,231,1.0,0.77,1.0,0.0
GLUT10,L300W, Pathogenic/Likely pathogenic,300,1.0,0.76,1.0,0.0
GLUT10,R231W, Pathogenic/Likely pathogenic,231,1.0,0.77,1.0,0.0
GLUT10,R105C, Pathogenic/Likely pathogenic,105,1.0,0.75,1.0,0.0
GLUT10,E437K, Pathogenic/Likely pathogenic,437,1.0,0.9,1.0,0.0410526315789473
GLUT10,R132W, Pathogenic/Likely pathogenic,132,1.0,0.74,0.985,0.0
GLUT10,G426W, Pathogenic/Likely pathogenic,426,1.0,0.74,1.0,0.0263157894736842
GLUT10,S81R, Pathogenic/Likely pathogenic,81,1.0,0.62,0.951,0.0336842105263157
GLUT1,M1R, Pathogenic,1,1.0,0.23,0.339,0.0
GLUT1,M1L, Pathogenic,1,1.0,0.23,0.339,0.0
GLUT1,M1V, Pathogenic,1,1.0,0.23,0.339,0.0
GLUT1,M1T, Pathogenic/Likely pathogenic,1,1.0,0.23,0.339,0.0
GLUT1,G17R, Pathogenic/Likely pathogenic,17,1.0,0.52,0.373,0.428421052631579
GLUT1,N34S, Pathogenic,34,1.0,0.89,1.0,0.0
GLUT1,N34D, Pathogenic/Likely pathogenic,34,1.0,0.89,1.0,0.0
GLUT1,Q46H, Benign,46,0.0,0.26,0.045,0.2857894736842105
GLUT1,F72L, Pathogenic,72,1.0,0.91,0.992,0.0
GLUT1,R92W, Pathogenic/Likely pathogenic,92,1.0,0.92,1.0,0.0036842105263157
GLUT1,R93W, Pathogenic,93,1.0,0.75,0.911,0.1131578947368421
GLUT1,M96V, Pathogenic/Likely pathogenic,96,1.0,0.81,0.934,0.0510526315789473
GLUT1,F104L, Benign/Likely benign,104,0.0,0.64,0.844,0.0499999999999999
GLUT1,R126G, Pathogenic,126,1.0,0.93,1.0,0.0
GLUT1,R126H, Pathogenic/Likely pathogenic,126,1.0,0.93,1.0,0.0
GLUT1,R126C, Pathogenic/Likely pathogenic,126,1.0,0.93,1.0,0.0
GLUT1,G130C, Pathogenic,130,1.0,0.95,1.0,0.0
GLUT1,G130S, Pathogenic,130,1.0,0.95,1.0,0.0
GLUT1,G130R, Pathogenic,130,1.0,0.95,1.0,0.0
GLUT1,C133R, Pathogenic,133,1.0,0.81,0.614,0.0847368421052631
GLUT1,G134S, Pathogenic/Likely pathogenic,134,1.0,0.94,1.0,0.0
GLUT1,V140L, Pathogenic,140,1.0,0.79,0.946,0.0131578947368421
GLUT1,V140M, Pathogenic,140,1.0,0.79,0.946,0.0131578947368421
GLUT1,M142K, Pathogenic,142,1.0,0.8,0.883,0.0
GLUT1,E146K, Pathogenic,146,1.0,0.94,0.995,0.0
GLUT1,S148L, Pathogenic,148,1.0,0.8,0.827,0.0363157894736842
GLUT1,R153C, Pathogenic,153,1.0,0.92,0.995,0.0
GLUT1,R153P, Pathogenic/Likely pathogenic,153,1.0,0.92,0.995,0.0
GLUT1,R153L, Pathogenic/Likely pathogenic,153,1.0,0.92,0.995,0.0
GLUT1,Q161L, Pathogenic,161,1.0,0.89,1.0,0.0110526315789473
GLUT1,V165I, Pathogenic,165,1.0,0.86,0.949,0.0442105263157894
GLUT1,L169P, Pathogenic,169,1.0,0.81,0.916,0.0073684210526315
GLUT1,G175V, Pathogenic/Likely pathogenic,175,1.0,0.91,1.0,0.011578947368421
GLUT1,M180K, Pathogenic,180,1.0,0.73,0.831,0.0157894736842105
GLUT1,P211S, Pathogenic/Likely pathogenic,211,1.0,0.94,0.999,0.0
GLUT1,R212H, Pathogenic/Likely pathogenic,212,1.0,0.92,0.96,0.0
GLUT1,R212C, Pathogenic/Likely pathogenic,212,1.0,0.92,0.96,0.0
GLUT1,R223W, Pathogenic,223,1.0,0.25,0.269,0.3736842105263158
GLUT1,L228P, Pathogenic,228,1.0,0.88,0.998,0.0
GLUT1,R232C, Pathogenic/Likely pathogenic,232,1.0,0.79,0.965,0.1447368421052631
GLUT1,A275T, Pathogenic/Likely pathogenic,275,1.0,0.84,0.84,0.2347368421052631
GLUT1,L278P, Pathogenic,278,1.0,0.84,0.828,0.0126315789473684
GLUT1,Q283R, Pathogenic,283,1.0,0.91,1.0,0.0
GLUT1,G286D, Pathogenic,286,1.0,0.95,1.0,0.0
GLUT1,I287L, Pathogenic,287,1.0,0.9,0.988,0.0226315789473684
GLUT1,Y293S, Pathogenic,293,1.0,0.89,0.99,0.0
GLUT1,S294P, Pathogenic,294,1.0,0.9,1.0,0.0489473684210526
GLUT1,T295M, Pathogenic,295,1.0,0.73,0.997,0.1431578947368421
GLUT1,E299K, Benign/Likely benign,299,0.0,0.4,0.272,0.2789473684210526
GLUT1,G314R, Pathogenic,314,1.0,0.92,1.0,0.0
GLUT1,G314S, Pathogenic,314,1.0,0.92,1.0,0.0
GLUT1,S324P, Pathogenic,324,1.0,0.83,0.943,0.0247368421052631
GLUT1,S324L, Pathogenic/Likely pathogenic,324,1.0,0.83,0.943,0.0247368421052631
GLUT1,V328L, Pathogenic,328,1.0,0.86,0.879,0.0042105263157894
GLUT1,E329Q, Pathogenic,329,1.0,0.91,0.944,0.0
GLUT1,E329K, Pathogenic/Likely pathogenic,329,1.0,0.91,0.944,0.0
GLUT1,G332D, Pathogenic,332,1.0,0.94,0.999,0.0121052631578947
GLUT1,R333Q, Pathogenic/Likely pathogenic,333,1.0,0.94,1.0,0.0105263157894736
GLUT1,R333W, Pathogenic/Likely pathogenic,333,1.0,0.94,1.0,0.0105263157894736
GLUT1,M351R, Pathogenic,351,1.0,0.81,0.653,0.0378947368421052
GLUT1,I372N, Pathogenic,372,1.0,0.79,0.808,0.0352631578947368
GLUT1,I386M, Pathogenic,386,1.0,0.89,0.999,0.0189473684210526
GLUT1,E393K, Pathogenic,393,1.0,0.94,0.999,0.0057894736842105
GLUT1,R400L, Pathogenic,400,1.0,0.93,1.0,0.0
GLUT1,R400C, Pathogenic,400,1.0,0.93,1.0,0.0
GLUT1,R400H, Pathogenic/Likely pathogenic,400,1.0,0.93,1.0,0.0
GLUT1,A403V, Pathogenic,403,1.0,0.88,0.999,0.0063157894736842
GLUT1,W412R, Pathogenic,412,1.0,0.93,1.0,0.0
GLUT1,G419D, Pathogenic/Likely pathogenic,419,1.0,0.89,0.975,0.0136842105263157
GLUT1,M420V, Pathogenic,420,1.0,0.71,0.782,0.0336842105263157
GLUT1,M420T, Pathogenic/Likely pathogenic,420,1.0,0.71,0.782,0.0336842105263157
GLUT1,F422L, Pathogenic,422,1.0,0.93,0.998,0.0
GLUT1,R458W, Pathogenic/Likely pathogenic,458,1.0,0.66,0.957,0.051578947368421
GLUT1,P485L, Pathogenic/Likely pathogenic,485,1.0,0.15,0.035,0.3463157894736842
GLUT2,G519E,Benign,519,0.0,0.22,0.302,0.1110526315789473
GLUT2,G400E,Benign,400,0.0,0.65,0.77,0.0694736842105263
GLUT2,G346E,Benign,346,0.0,0.82,1.0,0.0
GLUT2,L468V,Benign,468,0.0,0.45,0.811,0.0463157894736842
GLUT2,L349V,Benign,349,0.0,0.76,0.999,0.0
GLUT2,L295V,Benign,295,0.0,0.6,0.974,0.0199999999999999
GLUT2,T110I,Benign,110,0.0,0.27,0.136,0.0373684210526315
GLUT2,P68L,Benign/Likely benign,68,0.0,0.14,0.282,0.0499999999999999
GLUT2,V101I,Benign/Likely benign,101,0.0,0.73,1.0,0.0
GLUT2,M1T,Pathogenic,1,1.0,0.34,0.503,0.0
GLUT2,M1R,Pathogenic,1,1.0,0.34,0.503,0.0
GLUT2,G145R,Pathogenic,145,1.0,0.66,0.707,0.0526315789473684
GLUT2,G199R,Pathogenic,199,1.0,0.89,0.99,0.0
GLUT2,G318R,Pathogenic,318,1.0,0.91,1.0,0.0
GLUT2,P417L,Pathogenic/Likely pathogenic,417,1.0,0.79,0.995,0.0
GLUT2,P244L,Pathogenic/Likely pathogenic,244,1.0,0.65,0.985,0.0
GLUT2,P298L,Pathogenic/Likely pathogenic,298,1.0,0.11,0.252,0.2468421052631579
GLUT5,I66V,Benign,66,0.0,0.22,0.138,0.1626315789473684
GLUT5,I110V,Benign,110,0.0,0.72,0.921,0.0421052631578947
GLUT6,H75Y,Benign,75,0.0,0.18,0.377,0.1910526315789473
GLUT6,K36R,Benign,36,0.0,0.31,0.649,0.0710526315789473
GLUT7,A65E,Benign,65,0.0,0.17,0.392,0.081578947368421
GLUT7,I336N,Benign,336,0.0,0.51,0.391,0.0568421052631578
GLUT8,S30F,Benign,30,0.0,0.69,0.464,0.0321052631578947
GLUT8,S193F,Benign,193,0.0,0.43,0.379,0.0994736842105263
GLUT9,L88F, Benign,88,0.0,0.84,0.969,0.0447368421052631
GLUT9,A17T, Benign,17,0.0,0.1,0.696,0.0
GLUT9,I489T, Benign,489,0.0,0.41,0.351,0.0757894736842105
GLUT9,I460T, Benign,460,0.0,0.57,0.981,0.1373684210526315
GLUT9,V241A, Benign/Likely benign,241,0.0,0.79,0.997,0.0068421052631578
GLUT9,V270A, Benign/Likely benign,270,0.0,0.27,0.239,0.1331578947368421
GLUT9,T246M, Benign,246,0.0,0.54,0.948,0.0705263157894736
GLUT9,T275M, Benign,275,0.0,0.18,0.285,0.0736842105263157
GLUT9,D252H, Benign,252,0.0,0.68,0.923,0.1236842105263158
GLUT9,D281H, Benign,281,0.0,0.51,0.984,0.0126315789473684
GLUT9,V253I, Benign,253,0.0,0.81,1.0,0.0
GLUT9,V282I, Benign,282,0.0,0.74,0.933,0.0136842105263157
GLUT9,R265H, Benign,265,0.0,0.4,0.644,0.1305263157894736
GLUT9,R294H, Benign,294,0.0,0.27,0.994,0.1352631578947368
GLUT9,V295M, Benign/Likely benign,295,0.0,0.22,0.687,0.3736842105263158
GLUT9,V266M, Benign/Likely benign,266,0.0,0.4,0.352,0.0142105263157894
GLUT9,R300H, Benign/Likely benign,300,0.0,0.17,0.309,0.1336842105263158
GLUT9,R271H, Benign/Likely benign,271,0.0,0.34,0.424,0.0868421052631578
GLUT9,P320L, Benign,320,0.0,0.68,0.976,0.1342105263157894
GLUT9,P349L, Benign,349,0.0,0.19,0.539,0.1878947368421052
GLUT9,P350L, Benign,350,0.0,0.14,0.221,0.1473684210526315
GLUT9,P321L, Benign,321,0.0,0.5,0.666,0.0447368421052631
GLUT9,L75R, Pathogenic/Likely pathogenic,75,1.0,0.83,1.0,0.1089473684210526
GLUT9,L46R, Pathogenic/Likely pathogenic,46,1.0,0.12,0.23,0.2789473684210526
GLUT9,G25R, Benign,25,0.0,0.12,0.507,0.0
